release_id,research_cutoff,methodology_version,service_id,record_id,name,record_type,range_type,range_status,low,high,high_is_open,currency,price_basis,applicability_area,evidence_area,period,inclusions,exclusions,scope_drivers,assumptions,limitations,service_family,service_tier,scope_verified,scope,evidence_geography_status,applicability_area_ids,localization_policy
permeate-nwfl-2026-10-01-r1,2026-10-01,2.0,traditional-reserve-study,traditional-reserve-study,Traditional reserve study,base,indicative_planning,scope_confirmation_required,8500,10000,False,USD,USD per study engagement; building/association basis unconfirmed,"Northwest Florida planning context: Bay, Walton and Okaloosa counties",Project locations unspecified; not a county or ZIP transaction sample,2026 planning guidance; underlying project observation period unspecified,"[""Professional service fee reference; confirm the written scope and deliverables.""]","[""Reserve contributions and repair construction"",""SIRS or milestone inspection unless explicitly included"",""Testing, additional visits and access equipment unless explicitly included""]","[""Component inventory"",""Initial study or update"",""Site visit"",""Buildings and common areas covered""]",,"[""Indicative planning guidance, not a measured market distribution or an offer."",""Geographic lookup does not establish a locally observed price."",""Actual fees can fall outside this interval after scope is defined.""]",traditional-reserve-study,,False,"{""initial_or_update"":null,""study_level"":null,""site_visit"":null,""sampling_basis"":null,""credential_or_deliverable"":null,""buildings_basis"":null,""testing_included"":null,""drawings_available"":null,""billable_unit_definition"":null,""minimum_fee"":null}",project_locations_unspecified,"[""bay"",""walton"",""okaloosa""]",area_context_only
permeate-nwfl-2026-10-01-r1,2026-10-01,2.0,traditional-reserve-study,traditional-reserve-study-expanded,Additional buildings or broader assessment,scenario,scope_outline,unpriced,,,False,USD,USD per defined engagement,"Northwest Florida planning context: Bay, Walton and Okaloosa counties",Project locations unspecified; not a county or ZIP transaction sample,2026 planning guidance; underlying project observation period unspecified,"[""Professional service fee reference; confirm the written scope and deliverables.""]","[""Reserve contributions and repair construction"",""SIRS or milestone inspection unless explicitly included"",""Testing, additional visits and access equipment unless explicitly included""]","[""Component inventory"",""Initial study or update"",""Site visit"",""Buildings and common areas covered""]","[""Additional scope must be specified before calculating a total.""]","[""No validated quantities or add-on schedule support an expanded total.""]",traditional-reserve-study,,False,"{""initial_or_update"":null,""study_level"":null,""site_visit"":null,""sampling_basis"":null,""credential_or_deliverable"":null,""buildings_basis"":null,""testing_included"":null,""drawings_available"":null,""billable_unit_definition"":null,""minimum_fee"":null}",project_locations_unspecified,"[""bay"",""walton"",""okaloosa""]",area_context_only
permeate-nwfl-2026-10-01-r1,2026-10-01,2.0,traditional-reserve-study,traditional-reserve-study-complex,Assessment through repair delivery,scenario,scope_outline,unpriced,,,False,USD,USD per defined engagement,"Northwest Florida planning context: Bay, Walton and Okaloosa counties",Project locations unspecified; not a county or ZIP transaction sample,2026 planning guidance; underlying project observation period unspecified,"[""Professional service fee reference; confirm the written scope and deliverables.""]","[""Reserve contributions and repair construction"",""SIRS or milestone inspection unless explicitly included"",""Testing, additional visits and access equipment unless explicitly included""]","[""Component inventory"",""Initial study or update"",""Site visit"",""Buildings and common areas covered""]","[""Repair design, procurement support and construction oversight are distinct tasks.""]","[""No complete current scenario supports a combined project fee.""]",traditional-reserve-study,,False,"{""initial_or_update"":null,""study_level"":null,""site_visit"":null,""sampling_basis"":null,""credential_or_deliverable"":null,""buildings_basis"":null,""testing_included"":null,""drawings_available"":null,""billable_unit_definition"":null,""minimum_fee"":null}",project_locations_unspecified,"[""bay"",""walton"",""okaloosa""]",area_context_only
permeate-nwfl-2026-10-01-r1,2026-10-01,2.0,sirs,sirs,Structural Integrity Reserve Study (SIRS),base,indicative_planning,scope_confirmation_required,10000,12000,False,USD,USD per study engagement; building/association basis unconfirmed,"Northwest Florida planning context: Bay, Walton and Okaloosa counties",Project locations unspecified; not a county or ZIP transaction sample,2026 planning guidance; underlying project observation period unspecified,"[""Professional service fee reference; confirm the written scope and deliverables.""]","[""Reserve contributions and repair construction"",""Milestone inspection unless explicitly included"",""Repair drawings, testing and construction oversight unless explicitly included""]","[""Building size and unit count"",""Availability of drawings"",""Number of buildings"",""Coordination with other inspections""]",,"[""Indicative planning guidance, not a measured market distribution or an offer."",""Geographic lookup does not establish a locally observed price."",""Actual fees can fall outside this interval after scope is defined.""]",sirs,,False,"{""initial_or_update"":null,""study_level"":null,""site_visit"":null,""sampling_basis"":null,""credential_or_deliverable"":null,""buildings_basis"":null,""testing_included"":null,""drawings_available"":null,""billable_unit_definition"":null,""minimum_fee"":null}",project_locations_unspecified,"[""bay"",""walton"",""okaloosa""]",area_context_only
permeate-nwfl-2026-10-01-r1,2026-10-01,2.0,sirs,sirs-expanded,Additional buildings or broader assessment,scenario,scope_outline,unpriced,,,False,USD,USD per defined engagement,"Northwest Florida planning context: Bay, Walton and Okaloosa counties",Project locations unspecified; not a county or ZIP transaction sample,2026 planning guidance; underlying project observation period unspecified,"[""Professional service fee reference; confirm the written scope and deliverables.""]","[""Reserve contributions and repair construction"",""Milestone inspection unless explicitly included"",""Repair drawings, testing and construction oversight unless explicitly included""]","[""Building size and unit count"",""Availability of drawings"",""Number of buildings"",""Coordination with other inspections""]","[""Additional scope must be specified before calculating a total.""]","[""No validated quantities or add-on schedule support an expanded total.""]",sirs,,False,"{""initial_or_update"":null,""study_level"":null,""site_visit"":null,""sampling_basis"":null,""credential_or_deliverable"":null,""buildings_basis"":null,""testing_included"":null,""drawings_available"":null,""billable_unit_definition"":null,""minimum_fee"":null}",project_locations_unspecified,"[""bay"",""walton"",""okaloosa""]",area_context_only
permeate-nwfl-2026-10-01-r1,2026-10-01,2.0,sirs,sirs-complex,Assessment through repair delivery,scenario,scope_outline,unpriced,,,False,USD,USD per defined engagement,"Northwest Florida planning context: Bay, Walton and Okaloosa counties",Project locations unspecified; not a county or ZIP transaction sample,2026 planning guidance; underlying project observation period unspecified,"[""Professional service fee reference; confirm the written scope and deliverables.""]","[""Reserve contributions and repair construction"",""Milestone inspection unless explicitly included"",""Repair drawings, testing and construction oversight unless explicitly included""]","[""Building size and unit count"",""Availability of drawings"",""Number of buildings"",""Coordination with other inspections""]","[""Repair design, procurement support and construction oversight are distinct tasks.""]","[""No complete current scenario supports a combined project fee.""]",sirs,,False,"{""initial_or_update"":null,""study_level"":null,""site_visit"":null,""sampling_basis"":null,""credential_or_deliverable"":null,""buildings_basis"":null,""testing_included"":null,""drawings_available"":null,""billable_unit_definition"":null,""minimum_fee"":null}",project_locations_unspecified,"[""bay"",""walton"",""okaloosa""]",area_context_only
permeate-nwfl-2026-10-01-r1,2026-10-01,2.0,condition-survey,condition-survey,Condition survey,base,indicative_planning,scope_confirmation_required,8500,10500,False,USD,USD per survey engagement; buildings covered must be confirmed,"Northwest Florida planning context: Bay, Walton and Okaloosa counties",Project locations unspecified; not a county or ZIP transaction sample,2026 planning guidance; underlying project observation period unspecified,"[""Professional service fee reference; confirm the written scope and deliverables.""]","[""Repair construction"",""Repair design, bidding and oversight unless explicitly included"",""Destructive testing and special access unless explicitly included""]","[""Building size and unit count"",""Multiple buildings"",""Access and testing"",""Report and follow-up scope""]",,"[""Indicative planning guidance, not a measured market distribution or an offer."",""Geographic lookup does not establish a locally observed price."",""Actual fees can fall outside this interval after scope is defined.""]",condition-survey,,False,"{""initial_or_update"":null,""study_level"":null,""site_visit"":null,""sampling_basis"":null,""credential_or_deliverable"":null,""buildings_basis"":null,""testing_included"":null,""drawings_available"":null,""billable_unit_definition"":null,""minimum_fee"":null}",project_locations_unspecified,"[""bay"",""walton"",""okaloosa""]",area_context_only
permeate-nwfl-2026-10-01-r1,2026-10-01,2.0,condition-survey,condition-survey-expanded,Additional buildings or broader assessment,scenario,scope_outline,unpriced,,,False,USD,USD per defined engagement,"Northwest Florida planning context: Bay, Walton and Okaloosa counties",Project locations unspecified; not a county or ZIP transaction sample,2026 planning guidance; underlying project observation period unspecified,"[""Professional service fee reference; confirm the written scope and deliverables.""]","[""Repair construction"",""Repair design, bidding and oversight unless explicitly included"",""Destructive testing and special access unless explicitly included""]","[""Building size and unit count"",""Multiple buildings"",""Access and testing"",""Report and follow-up scope""]","[""Additional scope must be specified before calculating a total.""]","[""No validated quantities or add-on schedule support an expanded total.""]",condition-survey,,False,"{""initial_or_update"":null,""study_level"":null,""site_visit"":null,""sampling_basis"":null,""credential_or_deliverable"":null,""buildings_basis"":null,""testing_included"":null,""drawings_available"":null,""billable_unit_definition"":null,""minimum_fee"":null}",project_locations_unspecified,"[""bay"",""walton"",""okaloosa""]",area_context_only
permeate-nwfl-2026-10-01-r1,2026-10-01,2.0,condition-survey,condition-survey-complex,Assessment through repair delivery,scenario,scope_outline,unpriced,,,False,USD,USD per defined engagement,"Northwest Florida planning context: Bay, Walton and Okaloosa counties",Project locations unspecified; not a county or ZIP transaction sample,2026 planning guidance; underlying project observation period unspecified,"[""Professional service fee reference; confirm the written scope and deliverables.""]","[""Repair construction"",""Repair design, bidding and oversight unless explicitly included"",""Destructive testing and special access unless explicitly included""]","[""Building size and unit count"",""Multiple buildings"",""Access and testing"",""Report and follow-up scope""]","[""Repair design, procurement support and construction oversight are distinct tasks.""]","[""No complete current scenario supports a combined project fee.""]",condition-survey,,False,"{""initial_or_update"":null,""study_level"":null,""site_visit"":null,""sampling_basis"":null,""credential_or_deliverable"":null,""buildings_basis"":null,""testing_included"":null,""drawings_available"":null,""billable_unit_definition"":null,""minimum_fee"":null}",project_locations_unspecified,"[""bay"",""walton"",""okaloosa""]",area_context_only
permeate-nwfl-2026-10-01-r1,2026-10-01,2.0,balcony-railing,balcony-railing,Balcony and railing assessment,base,indicative_planning,scope_confirmation_required,45,85,False,USD,USD per billable unit; unit definition and minimum must be confirmed,"Northwest Florida planning context: Bay, Walton and Okaloosa counties",Project locations unspecified; not a county or ZIP transaction sample,2026 planning guidance; underlying project observation period unspecified,"[""Professional service fee reference; confirm the written scope and deliverables.""]","[""Repair construction and repair design"",""Testing, access equipment and return visits unless explicitly included"",""Minimum fees or other fixed charges not established in this reference""]","[""Construction and railing type"",""Floors and stairways"",""Number of units"",""Access and findings""]",,"[""Indicative planning guidance, not a measured market distribution or an offer."",""Geographic lookup does not establish a locally observed price."",""Actual fees can fall outside this interval after scope is defined.""]",balcony-railing,,False,"{""initial_or_update"":null,""study_level"":null,""site_visit"":null,""sampling_basis"":null,""credential_or_deliverable"":null,""buildings_basis"":null,""testing_included"":null,""drawings_available"":null,""billable_unit_definition"":null,""minimum_fee"":null}",project_locations_unspecified,"[""bay"",""walton"",""okaloosa""]",area_context_only
permeate-nwfl-2026-10-01-r1,2026-10-01,2.0,balcony-railing,balcony-railing-100-unit-example,100 billable units: arithmetic illustration,scenario,modeled,conditional_arithmetic_only,4500,8500,False,USD,USD for 100 billable units before unpriced charges,"Northwest Florida planning context: Bay, Walton and Okaloosa counties",Project locations unspecified; not a county or ZIP transaction sample,2026 planning guidance; underlying project observation period unspecified,"[""Professional service fee reference; confirm the written scope and deliverables.""]","[""Repair construction and repair design"",""Testing, access equipment and return visits unless explicitly included"",""Minimum fees or other fixed charges not established in this reference""]","[""Construction and railing type"",""Floors and stairways"",""Number of units"",""Access and findings""]","[""The quoted per-unit interval applies to all 100 billable units."",""Any minimum fee, fixed fee, access, testing or additional work is priced separately.""]","[""This multiplication is not a property quote or a supported total project budget.""]",balcony-railing,,False,"{""initial_or_update"":null,""study_level"":null,""site_visit"":null,""sampling_basis"":null,""credential_or_deliverable"":null,""buildings_basis"":null,""testing_included"":null,""drawings_available"":null,""billable_unit_definition"":null,""minimum_fee"":null}",project_locations_unspecified,"[""bay"",""walton"",""okaloosa""]",area_context_only
permeate-nwfl-2026-10-01-r1,2026-10-01,2.0,balcony-railing,balcony-railing-expanded,Additional buildings or broader assessment,scenario,scope_outline,unpriced,,,False,USD,USD per defined engagement,"Northwest Florida planning context: Bay, Walton and Okaloosa counties",Project locations unspecified; not a county or ZIP transaction sample,2026 planning guidance; underlying project observation period unspecified,"[""Professional service fee reference; confirm the written scope and deliverables.""]","[""Repair construction and repair design"",""Testing, access equipment and return visits unless explicitly included"",""Minimum fees or other fixed charges not established in this reference""]","[""Construction and railing type"",""Floors and stairways"",""Number of units"",""Access and findings""]","[""Additional scope must be specified before calculating a total.""]","[""No validated quantities or add-on schedule support an expanded total.""]",balcony-railing,,False,"{""initial_or_update"":null,""study_level"":null,""site_visit"":null,""sampling_basis"":null,""credential_or_deliverable"":null,""buildings_basis"":null,""testing_included"":null,""drawings_available"":null,""billable_unit_definition"":null,""minimum_fee"":null}",project_locations_unspecified,"[""bay"",""walton"",""okaloosa""]",area_context_only
permeate-nwfl-2026-10-01-r1,2026-10-01,2.0,balcony-railing,balcony-railing-complex,Assessment through repair delivery,scenario,scope_outline,unpriced,,,False,USD,USD per defined engagement,"Northwest Florida planning context: Bay, Walton and Okaloosa counties",Project locations unspecified; not a county or ZIP transaction sample,2026 planning guidance; underlying project observation period unspecified,"[""Professional service fee reference; confirm the written scope and deliverables.""]","[""Repair construction and repair design"",""Testing, access equipment and return visits unless explicitly included"",""Minimum fees or other fixed charges not established in this reference""]","[""Construction and railing type"",""Floors and stairways"",""Number of units"",""Access and findings""]","[""Repair design, procurement support and construction oversight are distinct tasks.""]","[""No complete current scenario supports a combined project fee.""]",balcony-railing,,False,"{""initial_or_update"":null,""study_level"":null,""site_visit"":null,""sampling_basis"":null,""credential_or_deliverable"":null,""buildings_basis"":null,""testing_included"":null,""drawings_available"":null,""billable_unit_definition"":null,""minimum_fee"":null}",project_locations_unspecified,"[""bay"",""walton"",""okaloosa""]",area_context_only
